player,seasons_played,batting_strike_rate,bowling_economy
DR Smith,9,132.2795341,8.477558379
BCJ Cutting,5,163.0136986,8.791666667
BA Stokes,4,131.4285714,7.814345992
K Gowtham,3,164.6017699,8.057971014
MP Stoinis,5,132.423756,8.893238497
TG Southee,6,126.3736264,8.015021476
SR Watson,12,134.1412742,7.218530664
A Ashish Reddy,4,142.8571429,8.577777778
JD Ryder,3,129.6137339,7.394190994
HV Patel,6,129.2929293,8.074534161
